{"epoch":0,"trainer/global_step":149,"_wandb":{"runtime":7},"_timestamp":1.7363437470160823e+09,"_runtime":5.0025953,"_step":2,"train_loss":0.24681000411510468,"train_acc":0.9375}
