{"train_loss":1.6623756885528564,"val_loss":0.7080823183059692,"_timestamp":1.7363441516639402e+09,"trainer/global_step":373,"val_acc":0.7716000080108643,"_wandb":{"runtime":18},"epoch":1,"train_acc":0.40625,"_runtime":18.2624582,"_step":8}